{"stats":{"minecraft:custom":{"minecraft:jump":146,"minecraft:time_since_rest":1659,"minecraft:leave_game":1,"minecraft:deaths":1,"minecraft:damage_taken":230,"minecraft:sprint_one_cm":8404,"minecraft:play_time":3939,"minecraft:walk_on_water_one_cm":1634,"minecraft:time_since_death":1587,"minecraft:walk_one_cm":1667,"minecraft:sneak_time":106,"minecraft:total_world_time":3939,"minecraft:walk_under_water_one_cm":2582,"minecraft:swim_one_cm":10602,"minecraft:fall_one_cm":1672,"minecraft:fly_one_cm":60119},"minecraft:killed_by":{"minecraft:polar_bear":1}},"DataVersion":3700}